0x0002,YEI27cl3KgUeOLbrhKD4Vz4MR+juUOID1UTF56mkrOrhmR+fwwm3yAXqZ-.PECMLmwUXtnwVt1H+sCWhcCVnz1pXEd9Knq2qvK/BreATBgBKrrGi/dXT-.iIMvaPYZ/LXi1DkjRQKpuJLDWRa+AGFb+q34m9SObglsb96NZlWnL+dfa-.+oyq/2nSUDp46KPme1MJkEHtORr0K8I97X0qcurXTvP6i32zG+rWpVF5n-.flag.docx
0x0002,+R9aZg2uy1F7tyC6m4kaKlyBNrD3peHSRNnltZUU9HB67NB3e94PoK+lE-.5rmwm1wal2Itc/qL73Dp2eCBPusu/FdY0do6UQCtSFDYnj7Fur2l0OU6f-.wdJ/iFmJ9MFCikg4RPf+m2fRsOEPcCz+CDxY4eOMgIoOv8KSpFkGjZhL8-.ZKfEK+nY2wxZE7b3YGO1Cg6l7vbyAS+fBmhM7DutuY41hF9B01ZRPx2be-.flag.docx
0x0002,4fD94qiF42Cbw0zyBys6rgPdMLvJ4og+kO4wh/GwqRUlYXYUsWreQrXnM-.1A7deyvmFq0gGGJJz+P3ogBPa+z5CD4pJOAXybPPDTlAUncrbgyHsLTkU-.WIrE/yXvNGxSiSnYGF5738BINyD7D/BKTRaLH8UdM+IeHvv/IWOG0ijlW-.WvHU5mI/WiqRnzz1NesBbk8rlSC6WjShk5B8GuVEB0jG6W3qC69ar2OTG-.flag.docx
0x0002,YEb7MafaY18RO1gQNh/71MnEBePfZ/Vs/PyRBylxZGgS7O0kbXIKRpqiP-.sE+R8T8wdDC2tZXAPiBjQDGMGlcMmUbgx5QKTg4p4Jv1RhunKZsDT8JOq-.4tgEg2MJCo8TvVqqKW8UMZQKAht6MI9TI8Lc9EjCNTepNgY1axArO70qi-.AZQqwPSEsZOKRzCyfZmXVfXT6CLVW4s6XCp8hnQUCkVJadAu49Gyznm8t-.flag.docx
0x0002,LzaTs+nkpN0gzu6Z/wmvKYFTx3kILQ3EpA2s8CkULcS6++KNtIoUxSQiM-.nT5G9ZjfbzAk0Hglq1gEsK2YPk10J3PFKcBdDw6DnSJZ9ffKqk2TxDx1q-.4/LGE9oZ0DihP2pqD1qJ8iPiJB2qwpu5YFJMpJGZM40vvDXTRX7TsCoqG-.ulZncILTRycp83fZA5bc99X2FOAzj3+1fdJ4SB1VC2RqTqORya80QiQfY-.flag.docx
0x0002,p+tCi+9+1lwHw0/6hlhKJrJs7PDHXq5dJ1VZ25kWhITCs0M65sAnpn+wh-.P+jGLPYzP9mQfrLx7k3pJ2Fm2AnSlmFiDb4TXsyUm5AjXZF0XxYTdwsYR-.kJK9YCnsr1UMoOPFEzZxLCpcg3SCv11Rs4AQLvqxDm8gxNQ4knQqtYdYp-.lOZy+p86p1VuEt6TvMR+LJ0PQxHGigU2/RISAVyWY/J7TUmfOMj28nEWH-.flag.docx
0x0002,qYDsBdIAgPxiRyyN1Y1BsLL/2qW0/7nl0qr4IDXywBb+gAAXLgnyiIfap-.wkGfRH84ZoJZrfFyRbbJPlttie4AVH/b/Q2lcGQg3aJLKuXe93mlA+4w2-.jzIjKGoZvUoLiM5toEp/dcUQG+RQapJNSbzi2VtVVTQ9Uw4IXk2BL00LW-.7UO/C7vxONbHyIyzvrWViqApqtt+oF5sWKV2sZCLQXGVjx4/I3AAcpz+V-.flag.docx
0x0002,xs9uycwbFl7cyYmlc1RsVqthP7L3BKSsBrHa6fDaGdil6QANaJDdXz1ac-.JxdfEF4qG03SqqrHhv5e2Cv/rsiU3ijMBV/4xU8W4JNJDur0q1z0zpDnJ-.eJnRvp/FO+E3xLv0bTxqM5RwioMqZwty55wHQn/yrsWEzN7We6kpMnQdq-.hHz2JZQjstrSM+rAHzzCJvgnpHCJ3IAo/WiIbzNiuHRPwRFmrgQuKp3Oh-.flag.docx
0x0002,2bU/BEFz2e6G17yocpH15piVPQ0YX7z0fnWAleXscbJn/zg2pEezN+DUW-.EA6SDNv9bHQkTmQq+X9ce3kdwnK1dBtAucRoOPZv9bjBqMwqZYBxU90T6-.e0dd+gO9IkREF9ZedaQ5vjlzMvy6JqJgzi/xbhAcl6ydVgq3v8Xn6OMYy-.4uLQau9d3k/HjcGiD+w7YJUk8tNW19JN0jpnvLFc/y7VYMC6xvVKob4Rb-.flag.docx
0x0002,iEnnZghneTK2kOeWhVEAbOGxgBjjBRgV3KB1xBIM+0EmNvJYWChMzaN6T-.v0BO1KogejrMRBkXZiq+UdkFNsXe6GJue/5ItAi8GYbKv3OzALDOK8M3e-.HHBwyrIoUOODV5Cj9Nv6yIqer6sYz7S0jKbpehK0BpF6IX7T+riAP3P0m-.lnpDoXvOij9+8z86x6lhd6Lw43yogsXZ6o0uvY0g8SU6n2YfQ+cUZPG9G-.flag.docx
0x0002,IwPeFS6h63nxPsr1W5K1WY9OKKQU8crEQ3AKLbvlhGcBGkeiAlQTLlLTd-.0tRqW4qblFcbtyfG6/gTQhKIYs2Twd8CeJQ0NhB5AgBMzAfj38pZKgCuo-.SWX1RmP2d7esJ1buS3GsBWr9sDhmVlm4866COOpAyyC47Pa+4eSlCunDF-.IxHeYkHK3J2wfDBS5hvfPn51IBaTE/v8bspshzAIEN/qlQWf0QxNmRfxa-.flag.docx
0x0002,JqFFwWQBRus5k+xpysiGZMDq2PZUN0XrKSzfp2XDqx/GwGrjuWUh1lfF3-.Sa3nSwf+cCWwfmXd0JiPfOM8LHmd2OeVuurVYxzACPIqjs1G8G7fFHGnE-.PhKceivaDK5erNIl+SnV6ZUv+k4C0XoG+p0SaBuFL2QPnglb3qceG0m08-.m3APtX0oyu2j+0V2M2XUyN9779Zx9qKCLForssEBgNW3dLNUcTps5/kje-.flag.docx
0x0002,cCbjLn+bBgt6TT/fyrcf2rMtmKq973qfVFdbiF/vYeP650eOiv5l4BgU0-.W+ndey7d1GFPrWKObS6T67r6jl5TpuHp/CrHkOko0L7kH1Gyndo2BcrYn-.dFzbATkDfaKIqgfft2eJxiPVhgkgLRXxouW9QSsMKtJ59xuE0OS+9HDQ0-.IpiitkB6CaRGrVDSI6hdfjzdK5o/KSlnRprK3a3ZX0Kz2szlbcfpctES6-.flag.docx
0x0002,EEN1rxxLd+d+LhkKWs4ujcfG2jBfqj+P7uBPX4kSfRAO4theP9igZrDt/-.i1+N/QmySj9gZcTXUZhyuMzMXv26Z/iy3+JDuGci3fQp5vHNXwSKSTZBE-.q0CpREMdse3zfIIPJXGDcQBDLsvFFGKdsDBVhQP5qWcBa+ifrG5PBY8/1-.5QFhHr+76ZEeZg1ydnBRLrcRjmg8BzaJkFTY5lrFA7lcCP29iOd67Nanl-.flag.docx
0x0002,n69TLuPipo/2/TnG1PHdoGmBfkrk7KXpW8oCCngl71rUGRBcivxw2hcZp-.VIeo5LbBr8DqTMpf/4vHi9+HEUCAjlZEAQQMOeda7KoJ0LtIDG5GsxQfr-.raO/JFBGRzAcD5b1Qq8/YHdNJE6/3/s7rUTxLg5QJiYNTIIMA1ByYmB9d-.CNzu9oGlKUSMhsbbCq2g2Uf7jgDVc+q+qQ9cOs9IEfGVYdbdJai84hhvU-.flag.docx
0x0002,iSrKbd7OUrs8q8rdegwgyZv7FJK3ubelBDWhc4WlqBEXnFU/aPWc/rbx3-.KsSBdNjVGcxRhKOPI7mk1bG5sy2D/DqkVtPXGrIkwrbX8WkmjEZsJaaMw-.aVa/FIe9gufELXArhSdOsJtt5cNIhEl8hksx2nckA1mfYMEo/29A+qqTZ-.emzPSf+veJ9WuqYPza7UQgabPQ3t0fuylqphYO9+UVfo8FD2U17sWfJea-.flag.docx
0x0002,GVmtMwm85g5E+Mk1TAyLHLC8cy5A0lzDpkxocMiJ+dqSaNww87AZ5rd6t-.ubpOwiBFe8DZfQ3YwYUaep1pHYi2ivhK45r9IoCS7/Ztlsd708i03RK3G-.cqv2XbFZbAJuJC9cbj/+8WJCldZc9UkvRqkDH/zuvgb7obckxP+nbT09+-.YX3Za46bVFBxmf625JESTatXNvkJEicWPoW7sA31zHiUQmNKzhtGYJlBm-.flag.docx
0x0002,j2WPgisSi3Pj5HMSdOD306vb8j9zsRSG3pCbAxtOcccTgRtY9nMVSJ1+m-.br7oBn6BSQCQDUZqRlALqCBDKqbN6NjeVSfPMjkBbBCiyI8rOx+DFKBlp-.F1k9xqv9O3FWkriCM0ILWH5FRqmkfR+NjMCc1WFBtD4eYT0tyy4XGeAVL-.tAVJoYbZ4tfwy22CmR9A+zXMlB2+AeprgpxkFkop9Q9eZau5wfUOnVTNi-.flag.docx
0x0002,vksGrXMFkO6ypblKnEyk1v+fCHsu7EmLi5oBx37qGRqV7hA16hYmIc2kY-.n1+dMGiEvMblOeifZ1s+pV+e11fCHJqxld7lLFk0FR45lV59/ZtxOVZTo-.LHVdrqdsy4vBUwRAZL4qdr4Q+fK0FyTSKuJkvz5QTjYCHiyDmFTwWzpyG-.54LKSDtnzFJg7xkSye1RoG4+WExkAf/tU33Y+bH0us5KrEGrr1t5vOPkx-.flag.docx
0x0002,nOoD62ZBIykEEi7gyiaQDuGSCPYm5zaFxOtnLfh08cr/8LmvSUJS/3lC6-.o/8OQ1mYRjyfRxGJr1+mPcFBRrW8yf7U+pTGvCC25jtjU4b7/bkapLwy+-.Qw5gvu8foAlZTtbARtCJutyQQtPdX7eN86xy77oes7B8KE1+qbAWKmUOO-.ti2Jfror+ggztvJWSroIP07cQ5EWHC6+vyXkcsVuR+4V47nBB4WPdx/We-.flag.docx
0x0002,H2h3rEg2CoqyoJpS6y8AYwWQa/r+KMChQzAlVw9TSb2ziKWOC/A57zkYh-.ZmR3gCK/rSZkNe4Xi4QNI1V7yrTBSneK/lL6q2Dh8tJ1fA0sOfLxM5ke2-.5GvnpOegbx4/WeG5mAIthUDl+Ab0kGNWR3befqev/Cb/3h0ZVZOwfMDOX-.qSTOeDPZ796y1KK+SEVliEa/8YwmT3sSbsxiYhxglwqvb2xzsFK6+zvpm-.flag.docx
0x0002,6FIL5vT0LuORNpwD0yx5NmUY8dG93oWfRWUU/FlWpJ5sPqGF9d+bZxDda-.SqJ3wNwzhcDagdFzVH6D+X5NmAPM5tk1zU4gfIbizMPQx84/Hifs9Pbgh-.VNMNmePa0LXw0sds0NzuzqC/Kuz01WmdlzC73yp21udcGj3ucS60/K/sX-.vqLSUwh+V8v1a9D6qN8tmGjevgwhScNKGV2Zo1VmS2P4v0WUe1ojRU7/S-.flag.docx
0x0002,KJRBLnXQSGPhuyksBHpi2mVLGCMAhH4dMOsb0dYOTTqgZJtlH7cj3JPiF-.h83az8Z3LkNhyRoJ3W3sx0zfMiGh6a+2nNIeXHCxe3Vl7gSwxnZ+D/Meb-.+eBHMjonpVTr3ZwvlOJKJzKYRZE05usvXb6lvxkWbDN9tM6bCYu4IREqd-.QLiyivFv3rg9z3Wx7g2ZNOFv8CkUWFL0Bc2xysXuVFmtOYe6Uzk9MwUW5-.flag.docx
0x0002,cwy52sZ23GkCGawBr7wnrZC4hQT/2R0+XMEdmS523ZXL8Bsrxk1JDmwSh-.N9aT9uf4vlIqQP/xQJgMl0UbBCnLa7aJBtNFugiYGgFgKxjxpaG/BPqIB-.0B+Y9Fe9bTFnd+Pq5H+gbzAwysqj8etlps2HliuVnBLW4p3x4hqXkyJi6-.v7vcx8PdunIYn9MQMTEQeCtHH0esQhZv6DoAjMnArSAPNekEP8GWPX6JC-.flag.docx
0x0002,RuK/djJO+Diyz7eUpGwLHicskdy6FmaYjh/R0SesnQhwtpkutdgnTidrX-.4ueMfmVtbKVBD1KaEmfiVBZ9pauB15l92g9EiJXminwynLwq5urtkE7C/-.dgeT6eAR47euivNqCUZlVbBl8kB2YYu2keFOI+yLiKLqI009G3U96HuTP-.3VvSfNKa1R7cn+EevLQzxjFIZ1njigXk45Z1UwAowRf7iupI4FAp1HtZi-.flag.docx
0x0002,8EgjpdANN42HX+XkppQDO0y35VV9IrZEirEbmyEZzhstGkUjjWtXRwm3E-.eXPrbA+hQwCRR0mP5fsWBrl+fCHhWOR+a2Zy0rLSKGiEHQO3b+nmnh2et-.oxG6jFwPTh0kq43Ta1f26gqeedkxgKJkwcubvSt6QETdr1TmIb+4lGQgG-.P8cZzQ2neGEBUSGhSMuj7266k+HFKldeMZ4J/PES9nAOi6ie2Oi5c2w+3-.flag.docx
0x0002,Vunl16aAAnLJJSNOMtpVNu1GxghoMkxwDq/q80var1p2bd3UkjFE3itJQ-.l+MHU8a2SDqEn6KMbqLNRuq9QyPDBy8ILJopO9/puNTV2AhN68lbAvBsz-.LQnzr+dfTQ0Dc0nKr+YfXoxxl0B6ExY789oSWw6K1B6Nk2mwQZQgJ37jC-.oCNixjTS5T/v22tP4XGeJ3HYGf7rgpnrcGe+p4vu9Eua5FI56zc1AP+K8-.flag.docx
0x0002,IcwnrETciGtK+nyMZtCjmbPiX1ZlVMsQlIdkyHlyKztxbcyIIWdEPchbT-.jHgJhb778iz8TvqRaraPvhj2UZ0FXbnVq1pRt51a3+Qe/6yQJGpbMFHTc-.8sdZwcZ96w1yw9dScAc6HwLbFeGq2GQPo/yqNJi3vSEWYOemkm7BgV73r-.E6AFr0gvI14XrsAr6eN49q5WHzK97WXYHJle3z7uIhiDAFnYRGNOvZ2Iu-.flag.docx
0x0002,1MI22Mp3KeB809oGqxzD9WSEKlAVjOl44NVF4oDrfi41YY8BUWIs3DRuu-.E43bSeH8Udea2VrPK65M+JCIu/u/OBmsccXa4i3wSs3rr8usQarIV2Nf7-.ryCziY4kWhTGEYSD0RfI4V+8E3nG3z0pdITGdJrhpqI6eHVPjtY80B1AN-.iOLfJzfgI7EOOO7ee5t4uoMQcz1FKTjYba4P73WP7033vPrdM0D9uA1iz-.flag.docx
0x0002,KEUmxfwNa0oCV5SdVXSe7qOdd8xgH0VmWg9Z8Kna49jRiRnML0heghhW7-.zJzd6qYN1F1Nt8aTXIX5gq0p7MUjUVP8uoDLVhLXG8oeRJzPiXC5tsrIi-.5Oyc+zExOfyCyevl8DSZzm45a+XSAn8UcuFHFtHTPBXTY4It1yPz9GYaI-.nefimph/KmqksVlHoLSpPr/gqMEId5vmG6YS8Pz7NAx/oUkWRXR6LXVYi-.flag.docx
0x0002,X6s76MkEe9EtrARmoFNrMu2YwnVtD7L+M/bdM6yMwmKXLh1Qis9QcdjSa-.f71EUJkclvaEd69PpN6gj51oufMV5BUtKXZEYkEr/THa2s2WBHpKftp1T-.hCFUA6gF/zdB9jhS5CJx1z4e4H510ZrkblNeFmFkzIj8kkBRh2BUxsb8j-.Bq6DSgFC61AhBLGrxUdOyBxRQh7EtugVzAQK5bJ6lEukLFGN/6rzk7ws1-.flag.docx
0x0002,MS9kUN1sjr3ZHcixexztaa9YAWM4XCiDJ6pgS2HR7wegcbtdDJ7+PYsyk-./eV8u+Sjm2DOzSXKa6wSM4VXHwNaKRCgLmy/ua+IvNLLTXi+jUXHoMFjY-.ihSqlScMw5JqZbQfh7L0x/+Q+MEeH8hQyvNyh+hzDuT8TCqmSR9FloqqO-.9a0blPhVrA2x1L2of7PfGF6wFfIc5LaROXGaJHBbrd1IxxX2NeXOxfa0A-.flag.docx
0x0002,z7hqmYObdwkP6hS3wVMC90f6cOF9H+tn+m460vYoIJW4UKtH+95yplm/F-.G39FCO8cnl5f48MNaXOkKS+E9sjf7oI0siXFsxcnRsxktBb94M/7Z3KMb-.RJOHnyLnqih7x0qcY5jOX0jrYhoh7OmA1x7xz2PABnOjVRGvigJzG4Ii1-.IaR4+IOd78od5YJMwasuQfGM0ZiWdKSOZlaUNL0jv7I9CIHV//5q7m3Jy-.flag.docx
0x0002,AIPWN7DTmSK7S8FRJhanmhWzz9SnJqFxiI/oq5vpCgyyDyTTGXx/4h8S9-.5yp39e5MTmdlmpOht8RVH+vuBOYM8vF+hEJxLA65IHYzNe3//ApT4V1tt-.kqCH/3Rcft8V6u/wF9JJ5SDT/STRkZqF3XMnyTDidLtXB1lH2j8KdYuSA-.IHJVi9OTtgMtjQdFf7NNwGiyRyrrw42WkF1g2Txd3g1RFYhmV/QJ2H20S-.flag.docx
0x0002,y4DwIfFNGuoPndmSJyWk0I+ebTWNL3IW0moMi5K2OkHMuIzdjqkkd3TrN-.VZ4pE9ufkFqXwRtvBUvv0lsmFlVIkclkHlicU3uWBDSXpl69Xqix4jYkw-.vtvG3UhWwYumYoduPhv3jwRhyhTDfGGIQh0jopZlEVbETUpWpz5SL0NsJ-./67RrruKcVUvNqh3sCOVtBH5zITxdkHIPvHj8DEROabEq0NShiSqo0QFn-.flag.docx
0x0002,DTVQ6aQf9CtPSCaiEcmYYUhrHF067iztakSagtAdp3MUcBrjyHbVIb62v-.XBoCzqUiOtQG42czWT8osqJH6xC4drmx9tLJWThgwmXEidREH2QRvW5vL-.UbwNwQoE0XLEjYig+feemCdSCUa99aXypKN7LUEZ3tm5nOgXB4NgtZkWu-./JE105oLPFBrQ4lsgNvG1CnvVeoFr+Yt+38PXanMqANC+NpRrxVaRmtjA-.flag.docx
0x0002,aCsW++gwYQq1l6M63delbrtyeFED1rOMituLxpprRcCbgoOTi/pjgld15-.HdnS2WMy7mlFHyVUfLaWg1XP9AGQPaY6Vk/wihRf0Jn+Z68IinW/l+ot1-.UtghaPS0YyMLahVG1kPjoEKAXH6CW0e7Bz3cHFLwRo8kpW3Pg/p5YT2sa-.9ZtOq8VRMsTfq9/xz3QQRElgVOQZ1TH/vS9pZKXVDMJAgNjypmPtXJsPg-.flag.docx
0x0002,hl4GUVXsL8i3RPUy62mJ38dQUMrsGmifNgz3GFDOHp8YulqLJMWo0WMrD-.v6E3WQa1zbWH4/zx0AdJSFaAfSKWqY/ipTzu6yX73ap2Vgh3fpYzbi/KQ-.c85ENZ7I4pwA8ThlNhjQrvPVoGXRcX6UhrCSXqDzdJ/1V9Y9GiK4pnmwv-.VCeFuNyk32i488/FUmlCzLhIcR8MUYxxOwzwW6Vq1cyR891pAYpvXPzwK-.flag.docx
0x0002,VDhrFkWbCzzMEHkUlfALGiVQNZyrvqwvbO2KGNNqRK/O1Nzir13Q4g/lt-.vNPjKfQ/gpQXAHoaawYL7fPslLl6pqfQxhF0OJxI0vDSmBLSDWbqkqxWF-.eX58yeIMfBHVTwcyw1CeIkOkQytVgArXEM0qWJHjQ8ECJHQzV/5evf2KD-.XSIW0EkShn0w961tJxYTbI2RJTtI96+pBqErwdxeirAU7PKr6Pka8aBV5-.flag.docx
0x0002,d6asiiH7OEZ7XfWc5McPzCqMQxYp/ae/YUiH3sraNg8ctHXe2IApNx6yc-.b+fEmLSrJ409igOtwnxCocSwCvHRNc7ePtoKCu8MyFooxgQ69vvj7NJ+G-.AoDlvdd5wd5C2d47rc7r4lbOvFCY2mFHENhu8LmAWf19IuTRDbWTVunlV-.opM8Oj2wr7fdhGCMjAfXMxryOm6jsf+DDWwBDAz/NO1bHWTzDvI9HU5eC-.flag.docx
0x0002,zHKc9giUDPHhiIP/oDI0Y+cNPdRpm0k50Wq2UzvKZHXOvkSTQrLE9uAWw-.Zez4Htvm5SV+nY4H+wnxvPCZpvhKANKttd8iii6IKbMwdLi8tHAgGOyxm-.jdij9+Nr18pKA9flpX59fSH1Y3x4Nxyr19mSBFrvZnqxnO0FgEf7w8R0p-.QHjL98PW5Ja83YmWLqW1ST62zCZ/N9NMJEgUp7v415Ek88IfPTEmu1c0e-.flag.docx
0x0002,lxqT1sMxZwF/sq1SLaCF8ZquzU0xaZRPf2VlS7ApbFQGZskif0o7Ywfh8-.tUIWmePqTvzzWd1xAWWB5Sc7Itp14H2xQjDaSBeuhQl5Tw7k9D3g8+dSd-.zEOuKaC+XlmAoWG/RIm313m0RfUqI/xYSPg5HrhC7acq+m0olOIVO+9Co-.Sbku3q/C8qB4stdvzWG0OSyczC9YEbw5j8tcwUyVPuqde53JuR3rcQ8xJ-.flag.docx
0x0002,WZqvvSvHRUSXoZdyoiwOpn3wb4sBMmI5eq2SpH/h6pFC9vP7/VdXcwrKA-.PuXxUq1yVkRA2hwkfTQlltvjb/Hzf5eWn/KNC3tBcu5GJ9bwHJ5Pj9J0D-.bXb3SW+EecHb5EkWN5eB8ShXeGGA8fTAzCLyNq553McdAtuBi6Gkf4DD0-.UNKqFriWovZiuaAglb07f/ZFpLDQ9YfNI7pdwtmrNONoINczAVditw3Jz-.flag.docx
0x0002,9tzR1KlldnOS8qjqJppVruBhTSuEDEJlOIVLKI8qlayeKX2Qx6aJvw3uG-.3+I4bhypIS6at+FbFYY/cgr47WuAbdXhcx1z6v2b0ezazB6FmZJqsuR+z-.LXCd6Sfr9CDVA84X5FBzWAEIR9E3YwOdt9xS2mWy+mnJc4CNos3YDt/sC-.PAMs10wyQoiE6GBilSzE4Ajk55HPBO+KkvjkLw4b0YCQpU5p4fWNy8t9D-.flag.docx
0x0002,l+v367sPO+YjU61wHw2ziSdUSmn6ZxEMYX/t00JmOxBD+zdUBJjrTTcNJ-.+fd0pbCmfu4X3VI7nQJa6ZzE+FGzhiIOw9kR+ZngVl3sMIRYMK7iyY/B4-.8gnqZgmUZnkNhCTfOVOnzSOygNqkMbNP8d7WjzK085XBcX/aiHnSFdW2x-.VcPHplzBxcB4BaeAaP0p13l0CX/76c8kkxdgJDouM0lhULe+IRnAnt+pC-.flag.docx
0x0002,1BOTeQq7fuhbX7j4tl6mOswiHfM8/TnDJF/3VrVHkrtmBHsXJY4xCM/lm-.FV4x8oAGet3P4T7DKkmnTEqm3YMGjMFlhrr0VZNgM4Jzt3jxQMRnDTGtc-.o4WoiVqaW6q7HsGevl0pg9V3A70mMcxaH/EYsd9fKOCupgibvkOkN4c0l-.JW6iQWojrAhnv/Mn3CvquDMMdLr9MfAtLcXfUi6sdJINCZ7XCERmcDF8Y-.flag.docx
0x0002,Ss7DorNT/45jvD0xnkO5DnN6padjL1skdCDhrLlMxlgx61jjERnygHBya-.EF0/H4J1ocrX3sduUi7i0F/yyrxOtJgZy+OJCuGCN7ydjDKkUPS1GM/e7-.lMVmP/XSIPb1c1EpFEOAm1R0ZSKsyxob1qQssfRc/a88CbLrN7ChTx8Bw-.8gXKB/X1N48Gf+eRo06xggfZu7r48rq6jY6tPxErkBeg+OsLS1sNcGrkM-.flag.docx
0x0002,0wBsIYAMf2bnew1ol3G0kTQmmt9tCdTQA/haRigN/x3cASwI2vGjZeuaL-.LlSh6r/1URr9Z4FvCqvMoBupc2R4Oq7lfBCRoKdK5wmDhg44No0tNo8IT-.5I5bSqDoxO1/5g7UTp0dFnk96EV3bv3XCauAj2IU+dGUe9msIM0vS2caV-.wpGDXs0km59tXFkgiYIoYVf6uoRbuDO36N2olHlFJL0GZRQq6Wf+9H3F9-.flag.docx
0x0002,/w7BP5MFm9vH4XKtFu0FF7IV4x3fY4wBuqaVi2ZlKu6r4CB9eiOJFBR0Q-./9iq4DcL6bBusfV1wa2UTWnlWsK7zL2EazA/7TclVWQnOzJfpctvsy3PR-./12bJp9FXi//zwvMkZTGDaOU9HQEzRUjsBto4qZyLNPVojBy09DoYXaWJ-.H63xkx2ceE6UIsq16LANJq6e8sZFr7+maYkD5HqPKYyILDNcxtC44Nph3-.flag.docx
0x0002,KcRU6XRtGAn0R23hMJnxGTZXmA1dqP24rJ8MMI6QVIKcJ0vHUz6RDicCi-.SHeOjzMxRHcecBUx7NVzeS8CnGCyNqoFNurpBAFiiFH68MmQOgWaTMxVu-.m+wTGOOnK7D5ZmRGa5/59HeytEJYozpybMQpQudwUjBNQViK6tg+bYd0d-.aXcfr89xJgkfZzInQIsDzJ3oylwnv8uJI5LQ3XAZtjmbmLBvocYuyZXGX-.flag.docx
0x0002,yGQEnNdocOQwyinHLReM0Zb/eGYYYBhU4sdsgTvC28IF86Y9zxDkqrzca-.NApue+HRA4Tvy2987dcEF24zulpZyXkE97+i8FsPV99+coSRBfZDfQD5N-.CMmcL8DjliciZK1KK0YIycmhiRDXErCrlZu2Bg5m+rBq6EOmedeFPpOwj-.WhUmGVYiEtWRDmEClIQEaaGPe8iFc0Ntri9fn0uXNo0mxMj0rBUfQgrfm-.flag.docx
0x0002,uMN550cH9nFwrN/tzfUS/ShxX2w9dAcBRaRdkuftGgt+jqSdvf/PBSLa+-.JHF5JyCPWB0VtYb9nNAIyiCEE5ygxw3TruAR03ReT39zOe2qLQ9Djj/64-.LJ2oNbBDKITVq6QO6ZQr3CDUG9XrIm1+XSXRo300gT6XK6wuZV5BDBp4K-.MvN/+bzibQMCrDXqnbC/O1FVFHG/keLKt30q9KhWuz8WxuadEFZizO2g/-.flag.docx
0x0002,Cy9iNIN2vRQH+fJ7M8E/iNsc4WQ8FrEdmg4LWVcwqOXBCPq9+diWkFWHR-.fWlz7djoXBdoTgYK1w77Yk5tI6TDGPU3ZalR6e3tnA85lsrEkTWWttn7m-.lJv2I8l6qJxqIEbkn+8Ob+3X7CuQrhX6KLJH78atQfDR+tLIR0MLgfmpt-.56QwiOdqow+kXHqfLAh8aHxvaunhHALzoYFheC7qmIvWd6Mf/nfof2BG8-.flag.docx
0x0002,yLDh4ZfO6yuu8KBzymId45Qhf6/ESESbb3Nd9o1fkojE3dowQ9hkCBLIn-.467j2znm5B11rIgdYD45wC0R09xAm0HMwfaFc3aNPO8+JFhQlWGcknkGK-.IgSpWEnhjOwzmqDjUXfgotxXv4dMB6EKgD5jAP1dYvdMI5mXmPp/CjefM-.DsDRZ/GXwjqzGx1bY8La0PrgLHDoZq3N7/nctwcIUUVN1zDw7ciPiCmW6-.flag.docx
0x0002,TEgxH49CzTzd3DAYta6Q6MNKnwQReUVAvTEa4CUiBdh+Z4TpU5uAv5Zrf-.rpBulNCX7sil20c3CGSIwCPn65I6DRRUWs5ZfpgZE1xhWPIKx0LiHv1mN-.VqMx09E6Xl7qyQwUmHHrwlbc2Ruln6jpsb/P0MPWeGz3PfzC2qSn1l9J+-.Dtalzv1SJ70ZYU9J35Ey02Ls+O0Nk+/IAzTJKDrTOOLN/75yCH2yck4mU-.flag.docx
0x0002,6TnZbip7NqLgi0Alh1TUorQMgyok1ecX29G6VFnJ8uFWrMS7oLNYeOlVF-.iXPAqGr+TsGUVd32vGXEv1Z7x5yMHSEYuzkPLkETTZIqMzuCpqYyIXT/k-.v7jzbcjopUey7vuEyPwHaiSHVyIcbE8NrIomtLFh3jn1z1rGrrWwmKPeH-.fvLkE68WEjMUoggufnX2NjeOJV5e1wotRdqTFPo/8b2JRzi4W+A1aD4Ty-.flag.docx
0x0002,2dk74XQpbPiBYObHxvmGFG6pvkHbO487Kh8BpAAQPweFEUoLmswhbe8tJ-.4uc2zShwYaVHMdND90v7AMVyzEZKnatdeCh4MlYE4tfvjphktqLJTp14q-.ccObhTGrteVGpaQkLXc/wnGFalokM8U7yIEW+Q8NvElh8qHpk+3Y4F/mY-.QsLFxgtCo+3NnBSlxHvb06PHYhnzZTZYep4w4QfiZq4JzinudvVNo8rm8-.flag.docx
0x0002,UOXpgQUhekM+yc/cyjLJBmnT2tGVUW7zLQ6CA04y0TALemiwzLMrKUozx-.Ou6IO91MHE/f8RklDviNtHQVPno5r94/WKbujCiBxo+sdN9uxuQNG+aho-.tj+FAG5rx97lD3P8W8rKC9QBWUtcOcP6+oh3+rUuW4glxJdRuyeTR/r7P-.7AC2wiiO8hs2FmmEZUhZxmpJpSaN5gxEoyJSX/uYjvI2XWVwHedIWBzc4-.flag.docx
0x0002,Ph9MK/tOdPNt/ied4/xwXSDg17sj7eIee5TNc/YJLDq+5qlYsFl02b7+b-.siZUrY+9x/R/25ciiVLdkNaddKiAUOzQDITG/AIeV1VsTmw40jOHrhpNu-.CHcjjsFWBMVHI/h1iuOWt6LwqxNsVUJeExsTwmOL6vHjWeLLkzQHcIQpq-.A/Q7CVMKH+9EF3jzm6agoBOY3GNjiyOLhUhhKMZG7eUY+d7npCtvhkEER-.flag.docx
0x0002,UxmXJZacDJjpZ6UpeJ2kJmCLqvTzUHh+mdCB7h3BqKHAxolYjI60+1cDM-.pvptdUo9YRP1yB/gXKiVJNkZ9PUTTjD9gr++ndEmfJ5NzdGYzIE9lY9dW-.Y4p1AF31zyaJx/Khdg6SsZ1VRGabxPPl/ClRnkCKuo4IaRPHBy3gpqRlm-.ELCg+eBc2IWiWHFjJhId9hTFGjGN1+h7uqyrJHxO8wUx/qGIvZgc+wY41-.flag.docx
0x0002,iaBmfNMI8mcnVdsYq3bjcHwwNFSveVtkoJlWShBW+AWbtumF6iYAicgXQ-.jPqZ0hM9nOS/9IQHu3GkPZIOapHG5RzPS7hRMpxWcahPLLBOTKKROgbuR-.lEzLjyY7KFE6HQqfxCauvVFL1Cnn1e0q/dNNtqhLWA0mDfeKYqrE+EFQg-.e3dLTIpqp3H5R5LAKKGL0ILsX4bEhHSFie42jdi+qKjC8fLfzh4F6+htp-.flag.docx
0x0002,CEIn3/bVP+3kIDD9nzjNEOPJkHK02IL12DOyYBJUVJ1NonIIc9ynQFDUx-.XXBwk24j7XMOmHxCSNj7yfJIXgV/B1PfuhjVU+Be101+CCEFexD3VRmbr-.okdVBJrjL/qCvMYyAuE5zoWwnepY7Ja/t0mBrqr+fysS2LS3dwYWaPgpi-.4aGz2CPGbOAgTCS3nWQsaVhDOHFKU/GJpR4WWUpIPL7h5+XQCASM2abap-.flag.docx
0x0002,nhyR8aUA/ifr+0D+fF1LtzGdbKH+566O1OgJe/ogwdhMPlO//SgDp++In-.k6gCX6BpbGD05wtcOyP0ke3/b0iYmFxEqY2H7ppJiqWuafiKR7a8wPLt2-.6TDLXKbnXNw5SNnbECo2ESH714zAT/brjh0dqULP7oYFYCrB9e/phHlPu-.P7oHtfiS5mG1ER4OAFiG7hvKLNnn5G2q2uxGI0zaDotLThE+uyxHMvRnb-.flag.docx
0x0002,4tV35RuZdOQTBIt6oi4xbezSWKCCmLDC0EBWAbUbma5GMe+CwzMGgI9p2-.rGor1agXrCKUiw9M/pGb/03g9Fe7bW5gSh3YukoJsNf6lLBehlGrUf3nC-.q9PvZuZmOs0hpGlD+K24mCyp+fQADHz0vuSLwmobRW29JBa4tsv2WRFSo-.juJ0FaUR4OYF9IOb6gD9UGeYecBDCGBA1iUAJEowYrzgTTK0q7YtFOD5Q-.flag.docx
0x0002,CGeFnRs5lIrOLokDAA5yVSx+F32gMWpc96Cl6vy3caDT69iEDXGW6mCC0-.4k6Y1FS9tG7rWhPFVfPIdigZddrMAFeY+uVFBUkBngoxjDKEfbRFjXMeH-.LnMTnUlKBvlDMHQWDAdf4LRh0STAM3yfd7F00kYaKZAe8EZIGaZn4dkhu-.yY3LRxgeUy0Haixcy26fNZ1AdH3MkperpqqiF+hcBguwEIf1rAsnhkhsj-.flag.docx
0x0002,WlJdi6kmD9zfT5QfhLHIh1EencSAiB2/LmerzNqj5eFX3hbeZPE7TcRb1-.oacTlCaQCvd8KzeAq7rOoUzJiLQkka5tQsQZiFMSLga+TOUuqICYEGFop-.x/b7fjgtvdXZAJ+fSZpOYWVDMBP3e9jltswtHJD049hDZwUX1p4BEIadX-./5omgS9biyYFAke2Rzd49Ht7gDZEHibN61aJRXqRARtAqHaMdJgb5Ur7j-.flag.docx
0x0002,FReyeokIS/4id6TmCel/kGpg6ALtOkCp26W6OrF+92ZNsdgu6aYl17kGm-.3xB4wN4A8W/FZRYBIXeP8KDInMBuWgFD3gyeUaJ0D6m+cVFaPcC+LoOrY-.CxZ1FTyoc4NpgoBU7CGZE3DzeYOJdf3nDgPf1PwEi+fHKHwsKkFcArARM-.hIlZCBNPfBGPES0aGY7ePPe+FTRTYK2C7v1vslHSrnTnj1T/a/LOPwQBS-.flag.docx
0x0002,cT+/+AOIvH6igUthyJKGnYixXviDKi6FnqPxL6f55ftaIOXyf7aAp3rdd-.oVxVheqH817U/zFgsWAHSZNBsKCEiPCq43rlMgly5d2gNCMBb7eWLjnJ+-.B6A1J/2CWP3QHrA8r6BMKZjlGpSR15QzqyZ7HWyl1vSpy+1UE6t/ZtMBY-.BO6e8K0n0t9wz3F3SF+AMNGGA2VEk24IacCJ+H9Pakj/LfJ/r71VIup+L-.flag.docx
0x0002,2je2t7a/RbWWB9236T4oOHNIUwQ0siMwSRmLX+l6Jko0lofkh2bVr+4X8-.254ygiNF5wrn6yww78VFptjKFWRkFXKgZwWDE5OHFjoz1DZn08XpOi7sY-.0mQ4a5MHP5AfUo108cNNtWGON4AAs8g3Dk2Lwk1Zhlso0S7/p0VT5P70p-.4/q1XyDinUxPpvJEhRiUugQQsNwqU0tfEW7bd4uieJp9ud0OjeDJ5h3Jw-.flag.docx
0x0002,1oIpJ/LatScWRyA4NkwFPmEn3YQ0DvqI3h84GmZKnNFOrIgrblw38/DS9-.lsPbEB+fqUmsH+W+c30ue295eKhkbtm1WhXSdMTFe0o/kZUAITRUV1xrp-.gntrhkolZEe2xnf2lAzj3ldwdyUg69LEeO05FkhDs+0URFwONLsjeYsoT-.qsqPb9Qu0rN5UodqgH5z6cg6jzXIRfU//I9Ww4wbaszcf0wa7EwcOCso7-.flag.docx
0x0002,HzRCHj7JdsqIdI9fH8KXWFaepVqpJ18wNV7ln8Lfvs1f4kzhFY+u4stIu-.hJsf3nzb5ABpWdT6g0OwDbVfMKUNDNlpJctmq5u+qQ67tbywsLmqeU3GY-.0Q9CHSfvr+x8IWFlHFmy8oLKjtOrpxWgtFlrzQajTSf2nQrI72vaMP0pe-.IamWGjfLug7VIRX1vU3vhOAjWjz1A8X4BoDenCmghjJXQUrok+n7QP8ja-.flag.docx
0x0002,K0SWUV3JTTUKaFc1E28k8OwyWM/HvcPCf8FDdsutf2Q7JVNsmdarj+Nox-.BRUMOPDS0k4gQIvnZeeDKd6BQ6zIAyGh/1toXMNZ2rAsS7p5VRgrGsT5s-.wMXrmyBfVe+kQMZeVPdSbe+mNgAOt21x+dFq5vEPT3nuMerGUsmLoW+GP-.4gCH2QYkDeBGzZKW5xwVle0pjIZ7c5JayDfWaucqjdZdLUVaUmaEOm/9v-.flag.docx
0x0002,sy22A+AS/roraNeM/7SWx5Dgmc6XctXSOBP5VuRNZ85SjsYoG3KYx1n2e-.EZGkOxz9xAGUQpCfDGnPF6C61U3ZTEV6fFnMYQjlE76EMElufjxyfPBFK-.GvR76zI/bl3OFrbYlsM/3d8j1amzMgR4uwgA3TLq0sWhVB1CE8m0fsiC9-.KnV9jLiqgbZ9WBjSad800J70wECiwWujLutUmfnl6er0/M8LFVF6G2UAw-.flag.docx
0x0002,ILM5AJ+/ehJem9TwLQBMaYzNga9wv17gN8Qx0n8nWkXgCSvFGcsFxFLlz-.O+jr+bh4ITBHk56cCu6iTN1dYGxwNXPXic5uxqq5Mcyq7+vq2A00ltnim-.XMmaTAQUfuOCT7qVTu485JcdX6KqWboWyvI8F858HC6YR0PPMGIeByMZA-.K97RPfpP52XpthL+MG6bx7CgCfJgy4RA9o6IWKwhFmO+z405IgsoG+aQz-.flag.docx
0x0002,YbAZBGzmH6TDgGjn4cJyoOIbfeELfOoUMZm9ERc+CN9V3TS2FFBhCvPY2-.ykyaAvaZ4t/4g4mGRzcPY/rknb3DW/ighrlU4ADjWHbOJZyhANtNK+YgI-.6NTycRWZ2jT9U5Ys4ily1IJ/UXuUs6G+1RnT1QuzI4A/Robp0OSA0NqOK-.LZbFgo+sgl99yfYZ3xTOCuGx0S+TW274BFf9R+MqsbPqzsX7+umRYLRd2-.flag.docx
0x0002,zC7m5sXrlTcC5IXHn7CuzQV0ZEcxIlip3xn8Scj6NEC2DIobCuW6bTeQM-.Ql/HHFX1B7mCcDkgJNnoWXQfFQ5R70bidoWPYYiubwjHcW7Mf60Ys1ITu-.DnCbbhJQvMwZbR+CU0m+uSZsVHP7JhpzZQCHksdno0Iu7JGsPTK+AncwF-.WGy5twiVIpX6a9kTDlRj1eg5hkiridk/tg3MxfLcdoMXmL91KvL4uNJiL-.flag.docx
0x0002,0uOAUEzxE3GYybYRLeFvf+HmiMFmgKzzsQL8pZtcHPcKx9okS6kJ5PJ2B-.FzJn2k0DFyGu9b0PWvyFo4uyLaoxPz9O+O6J1dkShJstGa0oNMpROOMGn-.zHpH9ZahMCtdZGiiMgmo1Yn4dMIEWFyGIUplaRCffme401CIeCr76Qpgl-.H9S4HPhlV75BHkaWjLp8yj8Ciis794998VHJ8LcGEgckAYW2/+9M7p+rO-.flag.docx
0x0002,Y43hseh8uvN9jvEBIUVyvdi0r+rcpWAIskANQJ674QWOQF3tmgGgwAKfU-.ZBd+yEl6CYoPXisSXIsx5Rv6qv2TOzP/01N78j65o46Q4fUZtQltbBSDM-.tyvoFzKXbtT/GJ37CKvywVafWTwzGywhx7GyfMR6ZI0ApWLrBC/Qb38i/-.SZ8T5q08ZnkTXnkWHc3JGYVZlIZ0xrdBLGbLxNHBVns8vJ9TuCFpecmO9-.flag.docx
0x0002,ca5Gjs4uWCbBNa+P8QaybzXAaRT55Vqv5qjcZGQUHuQtNzf8fztD4zHgQ-.hvTGIQuze2Mc32d-.flag.docx
